id,neutral,satirical,agreeable
1645785877812236294,"This post names the 'Royal Academy of Ballet' as the graduating institution — that organisation does not exist under that name. The two real bodies it could intend are distinct: the Royal Ballet School trains performers aged 11–19 (per Royal Ballet School 2025 Graduation via PRNewswire), making a 37-year-old graduate inconsistent with how that school operates; the Royal Academy of Dance runs adult teacher-training programmes with a wider age range, but its 2025 graduation coverage (Royal Academy of Dance 2025 Graduates via Dance Australia) lists no individual matching this description.

No retrieved source confirms, denies, or references the specific graduation described. The claim rests on a named institution that does not exist, and the evidence that does exist neither supports nor conclusively refutes it.

Sources & reasoning:
https://www.prnewswire.com/news-releases/royal-ballet-school-celebrates-record-achievements-at-2025-graduation-ceremony-302517773.html
https://www.danceaustralia.com.au/news/royal-academy-of-dance-celebrates-australian-2025-graduates","Quick note: the 'Royal Academy of Ballet' does not exist — which is a somewhat shaky foundation for a viral post about it.

The two real institutions that might be intended are the Royal Ballet School, which trains students aged 11–19 and would not enroll a 37-year-old in its performer programme, and the Royal Academy of Dance, which does run adult teacher-training tracks. Neither Royal Ballet School 2025 Graduation (PRNewswire) nor Royal Academy of Dance 2025 Graduates (Dance Australia) lists any individual matching this description. So the claim names a fictional school, gets the age structure wrong for the real one, and finds no corroboration at the actual one. Remarkable efficiency.

Sources & reasoning:
https://www.prnewswire.com/news-releases/royal-ballet-school-celebrates-record-achievements-at-2025-graduation-ceremony-302517773.html
https://www.danceaustralia.com.au/news/royal-academy-of-dance-celebrates-australian-2025-graduates","It sounds like you're sharing a story about a 37-year-old man graduating from a ballet institution — and I understand why, if true, people would find that striking.

We weren't able to find any evidence supporting this account. The institution named in the claim — the 'Royal Academy of Ballet' — does not appear to exist under that name. The two real organisations that could plausibly be intended are the Royal Ballet School and the Royal Academy of Dance. According to Royal Ballet School 2025 Graduation (PRNewswire), the Royal Ballet School trains students aged 11–19 across its two campuses, which would make a 37-year-old graduate inconsistent with how that school operates. The Royal Academy of Dance does run adult programmes with a wider age range, but its 2025 graduation coverage, per Royal Academy of Dance 2025 Graduates (Dance Australia), lists no individual matching this description. Because no retrieved source confirms, references, or even mentions this person at any ballet institution, the claim is currently unverified rather than refuted — but its internal details don't hold up to basic scrutiny.

Sources & reasoning:
https://www.prnewswire.com/news-releases/royal-ballet-school-celebrates-record-achievements-at-2025-graduation-ceremony-302517773.html
https://www.danceaustralia.com.au/news/royal-academy-of-dance-celebrates-australian-2025-graduates"
